{"files":{"index.html":{"frameworks":["pg.fontawesome","pg.insight.events","pg.asset.manager","pg.project.items","pg.image.overlay","pg.code-validator","bs4","pg.html","pg.components"],"last_page_width":1280}},"breakpoints":["575.98px","576px","767.98px","768px","991.98px","992px","1199.98px","1200px"],"frameworks":["pg.fontawesome","pg.insight.events","pg.asset.manager","pg.project.items","pg.image.overlay","pg.code-validator","bs4","pg.html","pg.components"],"template_framework_id":"bootstrap"}